{"cameraMode":{"drawMode":0,"name":"Shaded","section":"Shading Mode"},"sceneLighting":false,"audioPlay":false,"sceneViewState":{"m_AlwaysRefresh":false,"showFog":true,"showSkybox":false,"showFlares":true,"showImageEffects":true,"showParticleSystems":true,"showVisualEffectGraphs":true,"m_FxEnabled":false},"in2DMode":false,"pivot":{"x":0.4959207773208618,"y":0.08893692493438721,"z":0.40566766262054446},"rotation":{"x":0.06012440845370293,"y":0.9393795132637024,"z":-0.2539229989051819,"w":0.22242817282676698},"size":1.3952181339263917,"orthographic":false}