{"cameraMode":{"drawMode":0,"name":"Shaded","section":"Shading Mode"},"sceneLighting":false,"audioPlay":false,"sceneViewState":{"m_AlwaysRefresh":false,"showFog":true,"showSkybox":true,"showFlares":true,"showImageEffects":true,"showParticleSystems":true,"showVisualEffectGraphs":true,"m_FxEnabled":false},"in2DMode":false,"pivot":{"x":-0.09321942180395127,"y":-0.06545662879943848,"z":0.7778595089912415},"rotation":{"x":-0.20992660522460938,"y":0.0005802172236144543,"z":-0.00012473690730985254,"w":-0.9777228832244873},"size":0.7784503698348999,"orthographic":false}