{"cameraMode":{"drawMode":0,"name":"Shaded","section":"Shading Mode"},"sceneLighting":false,"audioPlay":false,"sceneViewState":{"m_AlwaysRefresh":false,"showFog":true,"showSkybox":false,"showFlares":true,"showImageEffects":true,"showParticleSystems":true,"showVisualEffectGraphs":true,"m_FxEnabled":false},"in2DMode":false,"pivot":{"x":0.09727455675601959,"y":0.37248754501342776,"z":0.04944264888763428},"rotation":{"x":-0.0568709634244442,"y":-0.4281710684299469,"z":0.027007456868886949,"w":-0.9015105366706848},"size":0.3574461042881012,"orthographic":false}